Job_Title,Category,Job_Description
Data Scientist,Data Scientist,data scientist skills experience responsibilities and industry knowledge
Machine Learning Engineer,Machine Learning Engineer,machine learning engineer skills experience responsibilities and industry knowledge
MLOps Engineer,MLOps Engineer,mlops engineer skills experience responsibilities and industry knowledge
Data Architect,Data Architect,data architect skills experience responsibilities and industry knowledge
Data Engineer,Data Engineer,data engineer skills experience responsibilities and industry knowledge
Big Data Developer,Big Data Developer,big data developer skills experience responsibilities and industry knowledge
AI Research Scientist,AI Research Scientist,ai research scientist skills experience responsibilities and industry knowledge
Computer Vision Engineer,Computer Vision Engineer,computer vision engineer skills experience responsibilities and industry knowledge
NLP Engineer,NLP Engineer,nlp engineer skills experience responsibilities and industry knowledge
Deep Learning Specialist,Deep Learning Specialist,deep learning specialist skills experience responsibilities and industry knowledge
Robotics Engineer,Robotics Engineer,robotics engineer skills experience responsibilities and industry knowledge
Automation Engineer,Automation Engineer,automation engineer skills experience responsibilities and industry knowledge
Software Engineer,Software Engineer,software engineer skills experience responsibilities and industry knowledge
Full Stack Developer,Full Stack Developer,full stack developer skills experience responsibilities and industry knowledge
Backend Engineer,Backend Engineer,backend engineer skills experience responsibilities and industry knowledge
Frontend Developer,Frontend Developer,frontend developer skills experience responsibilities and industry knowledge
Mobile App Developer,Mobile App Developer,mobile app developer skills experience responsibilities and industry knowledge
iOS Developer,iOS Developer,ios developer skills experience responsibilities and industry knowledge
Android Developer,Android Developer,android developer skills experience responsibilities and industry knowledge
DevOps Engineer,DevOps Engineer,devops engineer skills experience responsibilities and industry knowledge
Cloud Architect,Cloud Architect,cloud architect skills experience responsibilities and industry knowledge
Cloud Security Engineer,Cloud Security Engineer,cloud security engineer skills experience responsibilities and industry knowledge
Site Reliability Engineer,Site Reliability Engineer,site reliability engineer skills experience responsibilities and industry knowledge
Systems Administrator,Systems Administrator,systems administrator skills experience responsibilities and industry knowledge
Network Engineer,Network Engineer,network engineer skills experience responsibilities and industry knowledge
Database Administrator,Database Administrator,database administrator skills experience responsibilities and industry knowledge
QA Automation Engineer,QA Automation Engineer,qa automation engineer skills experience responsibilities and industry knowledge
Manual Tester,Manual Tester,manual tester skills experience responsibilities and industry knowledge
Security Analyst,Security Analyst,security analyst skills experience responsibilities and industry knowledge
Ethical Hacker,Ethical Hacker,ethical hacker skills experience responsibilities and industry knowledge
Penetration Tester,Penetration Tester,penetration tester skills experience responsibilities and industry knowledge
Security Architect,Security Architect,security architect skills experience responsibilities and industry knowledge
Cryptographer,Cryptographer,cryptographer skills experience responsibilities and industry knowledge
Incident Responder,Incident Responder,incident responder skills experience responsibilities and industry knowledge
SOC Analyst,SOC Analyst,soc analyst skills experience responsibilities and industry knowledge
Blockchain Developer,Blockchain Developer,blockchain developer skills experience responsibilities and industry knowledge
Smart Contract Engineer,Smart Contract Engineer,smart contract engineer skills experience responsibilities and industry knowledge
Embedded Systems Engineer,Embedded Systems Engineer,embedded systems engineer skills experience responsibilities and industry knowledge
Firmware Engineer,Firmware Engineer,firmware engineer skills experience responsibilities and industry knowledge
Hardware Engineer,Hardware Engineer,hardware engineer skills experience responsibilities and industry knowledge
ASIC Design Engineer,ASIC Design Engineer,asic design engineer skills experience responsibilities and industry knowledge
FPGA Engineer,FPGA Engineer,fpga engineer skills experience responsibilities and industry knowledge
Mechanical Engineer,Mechanical Engineer,mechanical engineer skills experience responsibilities and industry knowledge
Civil Engineer,Civil Engineer,civil engineer skills experience responsibilities and industry knowledge
Electrical Engineer,Electrical Engineer,electrical engineer skills experience responsibilities and industry knowledge
Structural Engineer,Structural Engineer,structural engineer skills experience responsibilities and industry knowledge
Aerospace Engineer,Aerospace Engineer,aerospace engineer skills experience responsibilities and industry knowledge
Chemical Engineer,Chemical Engineer,chemical engineer skills experience responsibilities and industry knowledge
Environmental Engineer,Environmental Engineer,environmental engineer skills experience responsibilities and industry knowledge
Nuclear Engineer,Nuclear Engineer,nuclear engineer skills experience responsibilities and industry knowledge
Petroleum Engineer,Petroleum Engineer,petroleum engineer skills experience responsibilities and industry knowledge
Biomedical Engineer,Biomedical Engineer,biomedical engineer skills experience responsibilities and industry knowledge
Industrial Engineer,Industrial Engineer,industrial engineer skills experience responsibilities and industry knowledge
Materials Scientist,Materials Scientist,materials scientist skills experience responsibilities and industry knowledge
Systems Engineer,Systems Engineer,systems engineer skills experience responsibilities and industry knowledge
Solution Architect,Solution Architect,solution architect skills experience responsibilities and industry knowledge
Infrastructure Manager,Infrastructure Manager,infrastructure manager skills experience responsibilities and industry knowledge
Technical Lead,Technical Lead,technical lead skills experience responsibilities and industry knowledge
Engineering Manager,Engineering Manager,engineering manager skills experience responsibilities and industry knowledge
Chief Technology Officer,Chief Technology Officer,chief technology officer skills experience responsibilities and industry knowledge
Web Developer,Web Developer,web developer skills experience responsibilities and industry knowledge
UI/UX Designer,UI/UX Designer,ui/ux designer skills experience responsibilities and industry knowledge
Interaction Designer,Interaction Designer,interaction designer skills experience responsibilities and industry knowledge
Product Designer,Product Designer,product designer skills experience responsibilities and industry knowledge
Digital Forensics Analyst,Digital Forensics Analyst,digital forensics analyst skills experience responsibilities and industry knowledge
Wireless Engineer,Wireless Engineer,wireless engineer skills experience responsibilities and industry knowledge
Telecom Specialist,Telecom Specialist,telecom specialist skills experience responsibilities and industry knowledge
Satellite Engineer,Satellite Engineer,satellite engineer skills experience responsibilities and industry knowledge
Optical Engineer,Optical Engineer,optical engineer skills experience responsibilities and industry knowledge
Mechatronics Engineer,Mechatronics Engineer,mechatronics engineer skills experience responsibilities and industry knowledge
Marine Engineer,Marine Engineer,marine engineer skills experience responsibilities and industry knowledge
Mining Engineer,Mining Engineer,mining engineer skills experience responsibilities and industry knowledge
Geotechnical Engineer,Geotechnical Engineer,geotechnical engineer skills experience responsibilities and industry knowledge
Hydrographic Surveyor,Hydrographic Surveyor,hydrographic surveyor skills experience responsibilities and industry knowledge
Reliability Engineer,Reliability Engineer,reliability engineer skills experience responsibilities and industry knowledge
Safety Engineer,Safety Engineer,safety engineer skills experience responsibilities and industry knowledge
Quality Control Engineer,Quality Control Engineer,quality control engineer skills experience responsibilities and industry knowledge
Manufacturing Engineer,Manufacturing Engineer,manufacturing engineer skills experience responsibilities and industry knowledge
Process Engineer,Process Engineer,process engineer skills experience responsibilities and industry knowledge
Tooling Engineer,Tooling Engineer,tooling engineer skills experience responsibilities and industry knowledge
Layout Engineer,Layout Engineer,layout engineer skills experience responsibilities and industry knowledge
Validation Engineer,Validation Engineer,validation engineer skills experience responsibilities and industry knowledge
Simulation Engineer,Simulation Engineer,simulation engineer skills experience responsibilities and industry knowledge
Computational Biologist,Computational Biologist,computational biologist skills experience responsibilities and industry knowledge
Bioinformatician,Bioinformatician,bioinformatician skills experience responsibilities and industry knowledge
Cheminformatician,Cheminformatician,cheminformatician skills experience responsibilities and industry knowledge
Physicist,Physicist,physicist skills experience responsibilities and industry knowledge
Astrophysicist,Astrophysicist,astrophysicist skills experience responsibilities and industry knowledge
Meteorologist,Meteorologist,meteorologist skills experience responsibilities and industry knowledge
Geologist,Geologist,geologist skills experience responsibilities and industry knowledge
Seismologist,Seismologist,seismologist skills experience responsibilities and industry knowledge
Volcanologist,Volcanologist,volcanologist skills experience responsibilities and industry knowledge
Microbiologist,Microbiologist,microbiologist skills experience responsibilities and industry knowledge
Geneticist,Geneticist,geneticist skills experience responsibilities and industry knowledge
Neuroscientist,Neuroscientist,neuroscientist skills experience responsibilities and industry knowledge
Pharmacologist,Pharmacologist,pharmacologist skills experience responsibilities and industry knowledge
Toxicologist,Toxicologist,toxicologist skills experience responsibilities and industry knowledge
Immunologist,Immunologist,immunologist skills experience responsibilities and industry knowledge
Laboratory Technician,Laboratory Technician,laboratory technician skills experience responsibilities and industry knowledge
Surgeon,Surgeon,surgeon skills experience responsibilities and industry knowledge
Physician,Physician,physician skills experience responsibilities and industry knowledge
Cardiologist,Cardiologist,cardiologist skills experience responsibilities and industry knowledge
Neurologist,Neurologist,neurologist skills experience responsibilities and industry knowledge
Dermatologist,Dermatologist,dermatologist skills experience responsibilities and industry knowledge
Oncologist,Oncologist,oncologist skills experience responsibilities and industry knowledge
Pediatrician,Pediatrician,pediatrician skills experience responsibilities and industry knowledge
Psychiatrist,Psychiatrist,psychiatrist skills experience responsibilities and industry knowledge
Anesthesiologist,Anesthesiologist,anesthesiologist skills experience responsibilities and industry knowledge
Radiologist,Radiologist,radiologist skills experience responsibilities and industry knowledge
Pathologist,Pathologist,pathologist skills experience responsibilities and industry knowledge
Registered Nurse,Registered Nurse,registered nurse skills experience responsibilities and industry knowledge
Pharmacist,Pharmacist,pharmacist skills experience responsibilities and industry knowledge
Physiotherapist,Physiotherapist,physiotherapist skills experience responsibilities and industry knowledge
Dietitian,Dietitian,dietitian skills experience responsibilities and industry knowledge
Nutritionist,Nutritionist,nutritionist skills experience responsibilities and industry knowledge
Paramedic,Paramedic,paramedic skills experience responsibilities and industry knowledge
Emergency Medical Technician,Emergency Medical Technician,emergency medical technician skills experience responsibilities and industry knowledge
Hospital Administrator,Hospital Administrator,hospital administrator skills experience responsibilities and industry knowledge
Epidemiologist,Epidemiologist,epidemiologist skills experience responsibilities and industry knowledge
Veterinarian,Veterinarian,veterinarian skills experience responsibilities and industry knowledge
Chief Executive Officer,Chief Executive Officer,chief executive officer skills experience responsibilities and industry knowledge
Chief Financial Officer,Chief Financial Officer,chief financial officer skills experience responsibilities and industry knowledge
Chief Operating Officer,Chief Operating Officer,chief operating officer skills experience responsibilities and industry knowledge
Operations Manager,Operations Manager,operations manager skills experience responsibilities and industry knowledge
Project Manager,Project Manager,project manager skills experience responsibilities and industry knowledge
Product Manager,Product Manager,product manager skills experience responsibilities and industry knowledge
Business Analyst,Business Analyst,business analyst skills experience responsibilities and industry knowledge
Financial Analyst,Financial Analyst,financial analyst skills experience responsibilities and industry knowledge
Investment Banker,Investment Banker,investment banker skills experience responsibilities and industry knowledge
Accountant,Accountant,accountant skills experience responsibilities and industry knowledge
Auditor,Auditor,auditor skills experience responsibilities and industry knowledge
Tax Consultant,Tax Consultant,tax consultant skills experience responsibilities and industry knowledge
Actuary,Actuary,actuary skills experience responsibilities and industry knowledge
Risk Manager,Risk Manager,risk manager skills experience responsibilities and industry knowledge
Compliance Officer,Compliance Officer,compliance officer skills experience responsibilities and industry knowledge
Human Resources Manager,Human Resources Manager,human resources manager skills experience responsibilities and industry knowledge
Recruiter,Recruiter,recruiter skills experience responsibilities and industry knowledge
Supply Chain Analyst,Supply Chain Analyst,supply chain analyst skills experience responsibilities and industry knowledge
Logistics Coordinator,Logistics Coordinator,logistics coordinator skills experience responsibilities and industry knowledge
Warehouse Supervisor,Warehouse Supervisor,warehouse supervisor skills experience responsibilities and industry knowledge
Management Consultant,Management Consultant,management consultant skills experience responsibilities and industry knowledge
Strategy Consultant,Strategy Consultant,strategy consultant skills experience responsibilities and industry knowledge
Business Development Manager,Business Development Manager,business development manager skills experience responsibilities and industry knowledge
Sales Manager,Sales Manager,sales manager skills experience responsibilities and industry knowledge
Account Manager,Account Manager,account manager skills experience responsibilities and industry knowledge
Corporate Lawyer,Corporate Lawyer,corporate lawyer skills experience responsibilities and industry knowledge
Litigation Attorney,Litigation Attorney,litigation attorney skills experience responsibilities and industry knowledge
Paralegal,Paralegal,paralegal skills experience responsibilities and industry knowledge
Marketing Director,Marketing Director,marketing director skills experience responsibilities and industry knowledge
Brand Manager,Brand Manager,brand manager skills experience responsibilities and industry knowledge
SEO Specialist,SEO Specialist,seo specialist skills experience responsibilities and industry knowledge
Social Media Manager,Social Media Manager,social media manager skills experience responsibilities and industry knowledge
Digital Marketer,Digital Marketer,digital marketer skills experience responsibilities and industry knowledge
Market Research Analyst,Market Research Analyst,market research analyst skills experience responsibilities and industry knowledge
Public Relations Specialist,Public Relations Specialist,public relations specialist skills experience responsibilities and industry knowledge
Copywriter,Copywriter,copywriter skills experience responsibilities and industry knowledge
Technical Writer,Technical Writer,technical writer skills experience responsibilities and industry knowledge
Creative Director,Creative Director,creative director skills experience responsibilities and industry knowledge
Graphic Designer,Graphic Designer,graphic designer skills experience responsibilities and industry knowledge
Illustrator,Illustrator,illustrator skills experience responsibilities and industry knowledge
Animator,Animator,animator skills experience responsibilities and industry knowledge
Video Editor,Video Editor,video editor skills experience responsibilities and industry knowledge
Photographer,Photographer,photographer skills experience responsibilities and industry knowledge
Fashion Designer,Fashion Designer,fashion designer skills experience responsibilities and industry knowledge
Interior Designer,Interior Designer,interior designer skills experience responsibilities and industry knowledge
Game Designer,Game Designer,game designer skills experience responsibilities and industry knowledge
Journalist,Journalist,journalist skills experience responsibilities and industry knowledge
Editor,Editor,editor skills experience responsibilities and industry knowledge
Event Planner,Event Planner,event planner skills experience responsibilities and industry knowledge
Actor,Actor,actor skills experience responsibilities and industry knowledge
Director,Director,director skills experience responsibilities and industry knowledge
Screenwriter,Screenwriter,screenwriter skills experience responsibilities and industry knowledge
University Professor,University Professor,university professor skills experience responsibilities and industry knowledge
School Teacher,School Teacher,school teacher skills experience responsibilities and industry knowledge
Tutor,Tutor,tutor skills experience responsibilities and industry knowledge
Academic Advisor,Academic Advisor,academic advisor skills experience responsibilities and industry knowledge
Librarian,Librarian,librarian skills experience responsibilities and industry knowledge
Principal,Principal,principal skills experience responsibilities and industry knowledge
School Counselor,School Counselor,school counselor skills experience responsibilities and industry knowledge
Social Worker,Social Worker,social worker skills experience responsibilities and industry knowledge
Psychologist,Psychologist,psychologist skills experience responsibilities and industry knowledge
Police Officer,Police Officer,police officer skills experience responsibilities and industry knowledge
Detective,Detective,detective skills experience responsibilities and industry knowledge
Firefighter,Firefighter,firefighter skills experience responsibilities and industry knowledge
Policy Analyst,Policy Analyst,policy analyst skills experience responsibilities and industry knowledge
Urban Planner,Urban Planner,urban planner skills experience responsibilities and industry knowledge
Statistician,Statistician,statistician skills experience responsibilities and industry knowledge
Environmental Scientist,Environmental Scientist,environmental scientist skills experience responsibilities and industry knowledge
Agronomist,Agronomist,agronomist skills experience responsibilities and industry knowledge
Soil Scientist,Soil Scientist,soil scientist skills experience responsibilities and industry knowledge
Farm Manager,Farm Manager,farm manager skills experience responsibilities and industry knowledge
Electrician,Electrician,electrician skills experience responsibilities and industry knowledge
Plumber,Plumber,plumber skills experience responsibilities and industry knowledge
Carpenter,Carpenter,carpenter skills experience responsibilities and industry knowledge
Welder,Welder,welder skills experience responsibilities and industry knowledge
Machinist,Machinist,machinist skills experience responsibilities and industry knowledge
HVAC Technician,HVAC Technician,hvac technician skills experience responsibilities and industry knowledge
Mechanic,Mechanic,mechanic skills experience responsibilities and industry knowledge
Truck Driver,Truck Driver,truck driver skills experience responsibilities and industry knowledge
Delivery Driver,Delivery Driver,delivery driver skills experience responsibilities and industry knowledge
Surveyor,Surveyor,surveyor skills experience responsibilities and industry knowledge
Safety Officer,Safety Officer,safety officer skills experience responsibilities and industry knowledge
Customer Success Manager,Customer Success Manager,customer success manager skills experience responsibilities and industry knowledge
Call Center Agent,Call Center Agent,call center agent skills experience responsibilities and industry knowledge
Help Desk Analyst,Help Desk Analyst,help desk analyst skills experience responsibilities and industry knowledge
Support Specialist,Support Specialist,support specialist skills experience responsibilities and industry knowledge
Cashier,Cashier,cashier skills experience responsibilities and industry knowledge
Retail Associate,Retail Associate,retail associate skills experience responsibilities and industry knowledge
Store Manager,Store Manager,store manager skills experience responsibilities and industry knowledge
Barber,Barber,barber skills experience responsibilities and industry knowledge
Hair Stylist,Hair Stylist,hair stylist skills experience responsibilities and industry knowledge
Makeup Artist,Makeup Artist,makeup artist skills experience responsibilities and industry knowledge
Massage Therapist,Massage Therapist,massage therapist skills experience responsibilities and industry knowledge
Baker,Baker,baker skills experience responsibilities and industry knowledge
Barista,Barista,barista skills experience responsibilities and industry knowledge
Bartender,Bartender,bartender skills experience responsibilities and industry knowledge
Waiter,Waiter,waiter skills experience responsibilities and industry knowledge
Janitor,Janitor,janitor skills experience responsibilities and industry knowledge
Housekeeper,Housekeeper,housekeeper skills experience responsibilities and industry knowledge
Security Guard,Security Guard,security guard skills experience responsibilities and industry knowledge
Drone Pilot,Drone Pilot,drone pilot skills experience responsibilities and industry knowledge
Sustainability Consultant,Sustainability Consultant,sustainability consultant skills experience responsibilities and industry knowledge
Prompt Engineer,Prompt Engineer,prompt engineer skills experience responsibilities and industry knowledge
Virtual Reality Developer,Virtual Reality Developer,virtual reality developer skills experience responsibilities and industry knowledge
E-sports Manager,E-sports Manager,e-sports manager skills experience responsibilities and industry knowledge
Streamer,Streamer,streamer skills experience responsibilities and industry knowledge
Community Manager,Community Manager,community manager skills experience responsibilities and industry knowledge
User Researcher,User Researcher,user researcher skills experience responsibilities and industry knowledge
Life Coach,Life Coach,life coach skills experience responsibilities and industry knowledge
Private Investigator,Private Investigator,private investigator skills experience responsibilities and industry knowledge
Dog Trainer,Dog Trainer,dog trainer skills experience responsibilities and industry knowledge
Pet Groomer,Pet Groomer,pet groomer skills experience responsibilities and industry knowledge
Landscaper,Landscaper,landscaper skills experience responsibilities and industry knowledge
Oceanographer,Oceanographer,oceanographer skills experience responsibilities and industry knowledge
Archaeologist,Archaeologist,archaeologist skills experience responsibilities and industry knowledge
Anthropologist,Anthropologist,anthropologist skills experience responsibilities and industry knowledge
Sociologist,Sociologist,sociologist skills experience responsibilities and industry knowledge
Translator,Translator,translator skills experience responsibilities and industry knowledge
Interpreter,Interpreter,interpreter skills experience responsibilities and industry knowledge
Voiceover Artist,Voiceover Artist,voiceover artist skills experience responsibilities and industry knowledge
Model,Model,model skills experience responsibilities and industry knowledge
Stunt Performer,Stunt Performer,stunt performer skills experience responsibilities and industry knowledge
Auctioneer,Auctioneer,auctioneer skills experience responsibilities and industry knowledge
Travel Blogger,Travel Blogger,travel blogger skills experience responsibilities and industry knowledge
Food Critic,Food Critic,food critic skills experience responsibilities and industry knowledge
Mystery Shopper,Mystery Shopper,mystery shopper skills experience responsibilities and industry knowledge
Scrum Master,Scrum Master,scrum master skills experience responsibilities and industry knowledge
Agile Coach,Agile Coach,agile coach skills experience responsibilities and industry knowledge
Lean Six Sigma Black Belt,Lean Six Sigma Black Belt,lean six sigma black belt skills experience responsibilities and industry knowledge
Continuous Improvement Manager,Continuous Improvement Manager,continuous improvement manager skills experience responsibilities and industry knowledge
Knowledge Manager,Knowledge Manager,knowledge manager skills experience responsibilities and industry knowledge
Records Manager,Records Manager,records manager skills experience responsibilities and industry knowledge
Privacy Counsel,Privacy Counsel,privacy counsel skills experience responsibilities and industry knowledge
Forensic Accountant,Forensic Accountant,forensic accountant skills experience responsibilities and industry knowledge
Fraud Examiner,Fraud Examiner,fraud examiner skills experience responsibilities and industry knowledge
Loss Prevention Manager,Loss Prevention Manager,loss prevention manager skills experience responsibilities and industry knowledge
Coroner,Coroner,coroner skills experience responsibilities and industry knowledge
Mortician,Mortician,mortician skills experience responsibilities and industry knowledge
Funeral Director,Funeral Director,funeral director skills experience responsibilities and industry knowledge
Chaplain,Chaplain,chaplain skills experience responsibilities and industry knowledge
Minister,Minister,minister skills experience responsibilities and industry knowledge
Rabbi,Rabbi,rabbi skills experience responsibilities and industry knowledge
Imam,Imam,imam skills experience responsibilities and industry knowledge
Monk,Monk,monk skills experience responsibilities and industry knowledge
Nun,Nun,nun skills experience responsibilities and industry knowledge
