Resume,Category
experienced professional with skills in data scientist related tools technologies and responsibilities,Data Scientist
experienced professional with skills in machine learning engineer related tools technologies and responsibilities,Machine Learning Engineer
experienced professional with skills in mlops engineer related tools technologies and responsibilities,MLOps Engineer
experienced professional with skills in data architect related tools technologies and responsibilities,Data Architect
experienced professional with skills in data engineer related tools technologies and responsibilities,Data Engineer
experienced professional with skills in big data developer related tools technologies and responsibilities,Big Data Developer
experienced professional with skills in ai research scientist related tools technologies and responsibilities,AI Research Scientist
experienced professional with skills in computer vision engineer related tools technologies and responsibilities,Computer Vision Engineer
experienced professional with skills in nlp engineer related tools technologies and responsibilities,NLP Engineer
experienced professional with skills in deep learning specialist related tools technologies and responsibilities,Deep Learning Specialist
experienced professional with skills in robotics engineer related tools technologies and responsibilities,Robotics Engineer
experienced professional with skills in automation engineer related tools technologies and responsibilities,Automation Engineer
experienced professional with skills in software engineer related tools technologies and responsibilities,Software Engineer
experienced professional with skills in full stack developer related tools technologies and responsibilities,Full Stack Developer
experienced professional with skills in backend engineer related tools technologies and responsibilities,Backend Engineer
experienced professional with skills in frontend developer related tools technologies and responsibilities,Frontend Developer
experienced professional with skills in mobile app developer related tools technologies and responsibilities,Mobile App Developer
experienced professional with skills in ios developer related tools technologies and responsibilities,iOS Developer
experienced professional with skills in android developer related tools technologies and responsibilities,Android Developer
experienced professional with skills in devops engineer related tools technologies and responsibilities,DevOps Engineer
experienced professional with skills in cloud architect related tools technologies and responsibilities,Cloud Architect
experienced professional with skills in cloud security engineer related tools technologies and responsibilities,Cloud Security Engineer
experienced professional with skills in site reliability engineer related tools technologies and responsibilities,Site Reliability Engineer
experienced professional with skills in systems administrator related tools technologies and responsibilities,Systems Administrator
experienced professional with skills in network engineer related tools technologies and responsibilities,Network Engineer
experienced professional with skills in database administrator related tools technologies and responsibilities,Database Administrator
experienced professional with skills in qa automation engineer related tools technologies and responsibilities,QA Automation Engineer
experienced professional with skills in manual tester related tools technologies and responsibilities,Manual Tester
experienced professional with skills in security analyst related tools technologies and responsibilities,Security Analyst
experienced professional with skills in ethical hacker related tools technologies and responsibilities,Ethical Hacker
experienced professional with skills in penetration tester related tools technologies and responsibilities,Penetration Tester
experienced professional with skills in security architect related tools technologies and responsibilities,Security Architect
experienced professional with skills in cryptographer related tools technologies and responsibilities,Cryptographer
experienced professional with skills in incident responder related tools technologies and responsibilities,Incident Responder
experienced professional with skills in soc analyst related tools technologies and responsibilities,SOC Analyst
experienced professional with skills in blockchain developer related tools technologies and responsibilities,Blockchain Developer
experienced professional with skills in smart contract engineer related tools technologies and responsibilities,Smart Contract Engineer
experienced professional with skills in embedded systems engineer related tools technologies and responsibilities,Embedded Systems Engineer
experienced professional with skills in firmware engineer related tools technologies and responsibilities,Firmware Engineer
experienced professional with skills in hardware engineer related tools technologies and responsibilities,Hardware Engineer
experienced professional with skills in asic design engineer related tools technologies and responsibilities,ASIC Design Engineer
experienced professional with skills in fpga engineer related tools technologies and responsibilities,FPGA Engineer
experienced professional with skills in mechanical engineer related tools technologies and responsibilities,Mechanical Engineer
experienced professional with skills in civil engineer related tools technologies and responsibilities,Civil Engineer
experienced professional with skills in electrical engineer related tools technologies and responsibilities,Electrical Engineer
experienced professional with skills in structural engineer related tools technologies and responsibilities,Structural Engineer
experienced professional with skills in aerospace engineer related tools technologies and responsibilities,Aerospace Engineer
experienced professional with skills in chemical engineer related tools technologies and responsibilities,Chemical Engineer
experienced professional with skills in environmental engineer related tools technologies and responsibilities,Environmental Engineer
experienced professional with skills in nuclear engineer related tools technologies and responsibilities,Nuclear Engineer
experienced professional with skills in petroleum engineer related tools technologies and responsibilities,Petroleum Engineer
experienced professional with skills in biomedical engineer related tools technologies and responsibilities,Biomedical Engineer
experienced professional with skills in industrial engineer related tools technologies and responsibilities,Industrial Engineer
experienced professional with skills in materials scientist related tools technologies and responsibilities,Materials Scientist
experienced professional with skills in systems engineer related tools technologies and responsibilities,Systems Engineer
experienced professional with skills in solution architect related tools technologies and responsibilities,Solution Architect
experienced professional with skills in infrastructure manager related tools technologies and responsibilities,Infrastructure Manager
experienced professional with skills in technical lead related tools technologies and responsibilities,Technical Lead
experienced professional with skills in engineering manager related tools technologies and responsibilities,Engineering Manager
experienced professional with skills in chief technology officer related tools technologies and responsibilities,Chief Technology Officer
experienced professional with skills in web developer related tools technologies and responsibilities,Web Developer
experienced professional with skills in ui/ux designer related tools technologies and responsibilities,UI/UX Designer
experienced professional with skills in interaction designer related tools technologies and responsibilities,Interaction Designer
experienced professional with skills in product designer related tools technologies and responsibilities,Product Designer
experienced professional with skills in digital forensics analyst related tools technologies and responsibilities,Digital Forensics Analyst
experienced professional with skills in wireless engineer related tools technologies and responsibilities,Wireless Engineer
experienced professional with skills in telecom specialist related tools technologies and responsibilities,Telecom Specialist
experienced professional with skills in satellite engineer related tools technologies and responsibilities,Satellite Engineer
experienced professional with skills in optical engineer related tools technologies and responsibilities,Optical Engineer
experienced professional with skills in mechatronics engineer related tools technologies and responsibilities,Mechatronics Engineer
experienced professional with skills in marine engineer related tools technologies and responsibilities,Marine Engineer
experienced professional with skills in mining engineer related tools technologies and responsibilities,Mining Engineer
experienced professional with skills in geotechnical engineer related tools technologies and responsibilities,Geotechnical Engineer
experienced professional with skills in hydrographic surveyor related tools technologies and responsibilities,Hydrographic Surveyor
experienced professional with skills in reliability engineer related tools technologies and responsibilities,Reliability Engineer
experienced professional with skills in safety engineer related tools technologies and responsibilities,Safety Engineer
experienced professional with skills in quality control engineer related tools technologies and responsibilities,Quality Control Engineer
experienced professional with skills in manufacturing engineer related tools technologies and responsibilities,Manufacturing Engineer
experienced professional with skills in process engineer related tools technologies and responsibilities,Process Engineer
experienced professional with skills in tooling engineer related tools technologies and responsibilities,Tooling Engineer
experienced professional with skills in layout engineer related tools technologies and responsibilities,Layout Engineer
experienced professional with skills in validation engineer related tools technologies and responsibilities,Validation Engineer
experienced professional with skills in simulation engineer related tools technologies and responsibilities,Simulation Engineer
experienced professional with skills in computational biologist related tools technologies and responsibilities,Computational Biologist
experienced professional with skills in bioinformatician related tools technologies and responsibilities,Bioinformatician
experienced professional with skills in cheminformatician related tools technologies and responsibilities,Cheminformatician
experienced professional with skills in physicist related tools technologies and responsibilities,Physicist
experienced professional with skills in astrophysicist related tools technologies and responsibilities,Astrophysicist
experienced professional with skills in meteorologist related tools technologies and responsibilities,Meteorologist
experienced professional with skills in geologist related tools technologies and responsibilities,Geologist
experienced professional with skills in seismologist related tools technologies and responsibilities,Seismologist
experienced professional with skills in volcanologist related tools technologies and responsibilities,Volcanologist
experienced professional with skills in microbiologist related tools technologies and responsibilities,Microbiologist
experienced professional with skills in geneticist related tools technologies and responsibilities,Geneticist
experienced professional with skills in neuroscientist related tools technologies and responsibilities,Neuroscientist
experienced professional with skills in pharmacologist related tools technologies and responsibilities,Pharmacologist
experienced professional with skills in toxicologist related tools technologies and responsibilities,Toxicologist
experienced professional with skills in immunologist related tools technologies and responsibilities,Immunologist
experienced professional with skills in laboratory technician related tools technologies and responsibilities,Laboratory Technician
experienced professional with skills in surgeon related tools technologies and responsibilities,Surgeon
experienced professional with skills in physician related tools technologies and responsibilities,Physician
experienced professional with skills in cardiologist related tools technologies and responsibilities,Cardiologist
experienced professional with skills in neurologist related tools technologies and responsibilities,Neurologist
experienced professional with skills in dermatologist related tools technologies and responsibilities,Dermatologist
experienced professional with skills in oncologist related tools technologies and responsibilities,Oncologist
experienced professional with skills in pediatrician related tools technologies and responsibilities,Pediatrician
experienced professional with skills in psychiatrist related tools technologies and responsibilities,Psychiatrist
experienced professional with skills in anesthesiologist related tools technologies and responsibilities,Anesthesiologist
experienced professional with skills in radiologist related tools technologies and responsibilities,Radiologist
experienced professional with skills in pathologist related tools technologies and responsibilities,Pathologist
experienced professional with skills in registered nurse related tools technologies and responsibilities,Registered Nurse
experienced professional with skills in pharmacist related tools technologies and responsibilities,Pharmacist
experienced professional with skills in physiotherapist related tools technologies and responsibilities,Physiotherapist
experienced professional with skills in dietitian related tools technologies and responsibilities,Dietitian
experienced professional with skills in nutritionist related tools technologies and responsibilities,Nutritionist
experienced professional with skills in paramedic related tools technologies and responsibilities,Paramedic
experienced professional with skills in emergency medical technician related tools technologies and responsibilities,Emergency Medical Technician
experienced professional with skills in hospital administrator related tools technologies and responsibilities,Hospital Administrator
experienced professional with skills in epidemiologist related tools technologies and responsibilities,Epidemiologist
experienced professional with skills in veterinarian related tools technologies and responsibilities,Veterinarian
experienced professional with skills in chief executive officer related tools technologies and responsibilities,Chief Executive Officer
experienced professional with skills in chief financial officer related tools technologies and responsibilities,Chief Financial Officer
experienced professional with skills in chief operating officer related tools technologies and responsibilities,Chief Operating Officer
experienced professional with skills in operations manager related tools technologies and responsibilities,Operations Manager
experienced professional with skills in project manager related tools technologies and responsibilities,Project Manager
experienced professional with skills in product manager related tools technologies and responsibilities,Product Manager
experienced professional with skills in business analyst related tools technologies and responsibilities,Business Analyst
experienced professional with skills in financial analyst related tools technologies and responsibilities,Financial Analyst
experienced professional with skills in investment banker related tools technologies and responsibilities,Investment Banker
experienced professional with skills in accountant related tools technologies and responsibilities,Accountant
experienced professional with skills in auditor related tools technologies and responsibilities,Auditor
experienced professional with skills in tax consultant related tools technologies and responsibilities,Tax Consultant
experienced professional with skills in actuary related tools technologies and responsibilities,Actuary
experienced professional with skills in risk manager related tools technologies and responsibilities,Risk Manager
experienced professional with skills in compliance officer related tools technologies and responsibilities,Compliance Officer
experienced professional with skills in human resources manager related tools technologies and responsibilities,Human Resources Manager
experienced professional with skills in recruiter related tools technologies and responsibilities,Recruiter
experienced professional with skills in supply chain analyst related tools technologies and responsibilities,Supply Chain Analyst
experienced professional with skills in logistics coordinator related tools technologies and responsibilities,Logistics Coordinator
experienced professional with skills in warehouse supervisor related tools technologies and responsibilities,Warehouse Supervisor
experienced professional with skills in management consultant related tools technologies and responsibilities,Management Consultant
experienced professional with skills in strategy consultant related tools technologies and responsibilities,Strategy Consultant
experienced professional with skills in business development manager related tools technologies and responsibilities,Business Development Manager
experienced professional with skills in sales manager related tools technologies and responsibilities,Sales Manager
experienced professional with skills in account manager related tools technologies and responsibilities,Account Manager
experienced professional with skills in corporate lawyer related tools technologies and responsibilities,Corporate Lawyer
experienced professional with skills in litigation attorney related tools technologies and responsibilities,Litigation Attorney
experienced professional with skills in paralegal related tools technologies and responsibilities,Paralegal
experienced professional with skills in marketing director related tools technologies and responsibilities,Marketing Director
experienced professional with skills in brand manager related tools technologies and responsibilities,Brand Manager
experienced professional with skills in seo specialist related tools technologies and responsibilities,SEO Specialist
experienced professional with skills in social media manager related tools technologies and responsibilities,Social Media Manager
experienced professional with skills in digital marketer related tools technologies and responsibilities,Digital Marketer
experienced professional with skills in market research analyst related tools technologies and responsibilities,Market Research Analyst
experienced professional with skills in public relations specialist related tools technologies and responsibilities,Public Relations Specialist
experienced professional with skills in copywriter related tools technologies and responsibilities,Copywriter
experienced professional with skills in technical writer related tools technologies and responsibilities,Technical Writer
experienced professional with skills in creative director related tools technologies and responsibilities,Creative Director
experienced professional with skills in graphic designer related tools technologies and responsibilities,Graphic Designer
experienced professional with skills in illustrator related tools technologies and responsibilities,Illustrator
experienced professional with skills in animator related tools technologies and responsibilities,Animator
experienced professional with skills in video editor related tools technologies and responsibilities,Video Editor
experienced professional with skills in photographer related tools technologies and responsibilities,Photographer
experienced professional with skills in fashion designer related tools technologies and responsibilities,Fashion Designer
experienced professional with skills in interior designer related tools technologies and responsibilities,Interior Designer
experienced professional with skills in game designer related tools technologies and responsibilities,Game Designer
experienced professional with skills in journalist related tools technologies and responsibilities,Journalist
experienced professional with skills in editor related tools technologies and responsibilities,Editor
experienced professional with skills in event planner related tools technologies and responsibilities,Event Planner
experienced professional with skills in actor related tools technologies and responsibilities,Actor
experienced professional with skills in director related tools technologies and responsibilities,Director
experienced professional with skills in screenwriter related tools technologies and responsibilities,Screenwriter
experienced professional with skills in university professor related tools technologies and responsibilities,University Professor
experienced professional with skills in school teacher related tools technologies and responsibilities,School Teacher
experienced professional with skills in tutor related tools technologies and responsibilities,Tutor
experienced professional with skills in academic advisor related tools technologies and responsibilities,Academic Advisor
experienced professional with skills in librarian related tools technologies and responsibilities,Librarian
experienced professional with skills in principal related tools technologies and responsibilities,Principal
experienced professional with skills in school counselor related tools technologies and responsibilities,School Counselor
experienced professional with skills in social worker related tools technologies and responsibilities,Social Worker
experienced professional with skills in psychologist related tools technologies and responsibilities,Psychologist
experienced professional with skills in police officer related tools technologies and responsibilities,Police Officer
experienced professional with skills in detective related tools technologies and responsibilities,Detective
experienced professional with skills in firefighter related tools technologies and responsibilities,Firefighter
experienced professional with skills in policy analyst related tools technologies and responsibilities,Policy Analyst
experienced professional with skills in urban planner related tools technologies and responsibilities,Urban Planner
experienced professional with skills in statistician related tools technologies and responsibilities,Statistician
experienced professional with skills in environmental scientist related tools technologies and responsibilities,Environmental Scientist
experienced professional with skills in agronomist related tools technologies and responsibilities,Agronomist
experienced professional with skills in soil scientist related tools technologies and responsibilities,Soil Scientist
experienced professional with skills in farm manager related tools technologies and responsibilities,Farm Manager
experienced professional with skills in electrician related tools technologies and responsibilities,Electrician
experienced professional with skills in plumber related tools technologies and responsibilities,Plumber
experienced professional with skills in carpenter related tools technologies and responsibilities,Carpenter
experienced professional with skills in welder related tools technologies and responsibilities,Welder
experienced professional with skills in machinist related tools technologies and responsibilities,Machinist
experienced professional with skills in hvac technician related tools technologies and responsibilities,HVAC Technician
experienced professional with skills in mechanic related tools technologies and responsibilities,Mechanic
experienced professional with skills in truck driver related tools technologies and responsibilities,Truck Driver
experienced professional with skills in delivery driver related tools technologies and responsibilities,Delivery Driver
experienced professional with skills in surveyor related tools technologies and responsibilities,Surveyor
experienced professional with skills in safety officer related tools technologies and responsibilities,Safety Officer
experienced professional with skills in customer success manager related tools technologies and responsibilities,Customer Success Manager
experienced professional with skills in call center agent related tools technologies and responsibilities,Call Center Agent
experienced professional with skills in help desk analyst related tools technologies and responsibilities,Help Desk Analyst
experienced professional with skills in support specialist related tools technologies and responsibilities,Support Specialist
experienced professional with skills in cashier related tools technologies and responsibilities,Cashier
experienced professional with skills in retail associate related tools technologies and responsibilities,Retail Associate
experienced professional with skills in store manager related tools technologies and responsibilities,Store Manager
experienced professional with skills in barber related tools technologies and responsibilities,Barber
experienced professional with skills in hair stylist related tools technologies and responsibilities,Hair Stylist
experienced professional with skills in makeup artist related tools technologies and responsibilities,Makeup Artist
experienced professional with skills in massage therapist related tools technologies and responsibilities,Massage Therapist
experienced professional with skills in baker related tools technologies and responsibilities,Baker
experienced professional with skills in barista related tools technologies and responsibilities,Barista
experienced professional with skills in bartender related tools technologies and responsibilities,Bartender
experienced professional with skills in waiter related tools technologies and responsibilities,Waiter
experienced professional with skills in janitor related tools technologies and responsibilities,Janitor
experienced professional with skills in housekeeper related tools technologies and responsibilities,Housekeeper
experienced professional with skills in security guard related tools technologies and responsibilities,Security Guard
experienced professional with skills in drone pilot related tools technologies and responsibilities,Drone Pilot
experienced professional with skills in sustainability consultant related tools technologies and responsibilities,Sustainability Consultant
experienced professional with skills in prompt engineer related tools technologies and responsibilities,Prompt Engineer
experienced professional with skills in virtual reality developer related tools technologies and responsibilities,Virtual Reality Developer
experienced professional with skills in e-sports manager related tools technologies and responsibilities,E-sports Manager
experienced professional with skills in streamer related tools technologies and responsibilities,Streamer
experienced professional with skills in community manager related tools technologies and responsibilities,Community Manager
experienced professional with skills in user researcher related tools technologies and responsibilities,User Researcher
experienced professional with skills in life coach related tools technologies and responsibilities,Life Coach
experienced professional with skills in private investigator related tools technologies and responsibilities,Private Investigator
experienced professional with skills in dog trainer related tools technologies and responsibilities,Dog Trainer
experienced professional with skills in pet groomer related tools technologies and responsibilities,Pet Groomer
experienced professional with skills in landscaper related tools technologies and responsibilities,Landscaper
experienced professional with skills in oceanographer related tools technologies and responsibilities,Oceanographer
experienced professional with skills in archaeologist related tools technologies and responsibilities,Archaeologist
experienced professional with skills in anthropologist related tools technologies and responsibilities,Anthropologist
experienced professional with skills in sociologist related tools technologies and responsibilities,Sociologist
experienced professional with skills in translator related tools technologies and responsibilities,Translator
experienced professional with skills in interpreter related tools technologies and responsibilities,Interpreter
experienced professional with skills in voiceover artist related tools technologies and responsibilities,Voiceover Artist
experienced professional with skills in model related tools technologies and responsibilities,Model
experienced professional with skills in stunt performer related tools technologies and responsibilities,Stunt Performer
experienced professional with skills in auctioneer related tools technologies and responsibilities,Auctioneer
experienced professional with skills in travel blogger related tools technologies and responsibilities,Travel Blogger
experienced professional with skills in food critic related tools technologies and responsibilities,Food Critic
experienced professional with skills in mystery shopper related tools technologies and responsibilities,Mystery Shopper
experienced professional with skills in scrum master related tools technologies and responsibilities,Scrum Master
experienced professional with skills in agile coach related tools technologies and responsibilities,Agile Coach
experienced professional with skills in lean six sigma black belt related tools technologies and responsibilities,Lean Six Sigma Black Belt
experienced professional with skills in continuous improvement manager related tools technologies and responsibilities,Continuous Improvement Manager
experienced professional with skills in knowledge manager related tools technologies and responsibilities,Knowledge Manager
experienced professional with skills in records manager related tools technologies and responsibilities,Records Manager
experienced professional with skills in privacy counsel related tools technologies and responsibilities,Privacy Counsel
experienced professional with skills in forensic accountant related tools technologies and responsibilities,Forensic Accountant
experienced professional with skills in fraud examiner related tools technologies and responsibilities,Fraud Examiner
experienced professional with skills in loss prevention manager related tools technologies and responsibilities,Loss Prevention Manager
experienced professional with skills in coroner related tools technologies and responsibilities,Coroner
experienced professional with skills in mortician related tools technologies and responsibilities,Mortician
experienced professional with skills in funeral director related tools technologies and responsibilities,Funeral Director
experienced professional with skills in chaplain related tools technologies and responsibilities,Chaplain
experienced professional with skills in minister related tools technologies and responsibilities,Minister
experienced professional with skills in rabbi related tools technologies and responsibilities,Rabbi
experienced professional with skills in imam related tools technologies and responsibilities,Imam
experienced professional with skills in monk related tools technologies and responsibilities,Monk
experienced professional with skills in nun related tools technologies and responsibilities,Nun
