domain,signal
frontend,react
frontend,react.js
frontend,reactjs
frontend,next.js
frontend,nextjs
frontend,next js
frontend,angular
frontend,angularjs
frontend,vue.js
frontend,vuejs
frontend,vue
frontend,svelte
frontend,sveltekit
frontend,nuxt.js
frontend,nuxtjs
frontend,typescript
frontend,javascript
frontend,html5
frontend,html
frontend,css3
frontend,css
frontend,tailwind css
frontend,tailwindcss
frontend,bootstrap
frontend,sass
frontend,scss
frontend,less
frontend,redux
frontend,zustand
frontend,mobx
frontend,react query
frontend,tanstack query
frontend,react hooks
frontend,context api
frontend,webpack
frontend,vite
frontend,parcel
frontend,babel
frontend,eslint
frontend,prettier
frontend,jest
frontend,vitest
frontend,cypress
frontend,playwright
frontend,storybook
frontend,framer motion
frontend,gsap
frontend,three.js
frontend,d3.js
frontend,chart.js
frontend,recharts
frontend,web components
frontend,pwa
frontend,progressive web app
frontend,single page application
frontend,spa
frontend,server side rendering
frontend,ssr
frontend,static site generation
frontend,ssg
frontend,jamstack
frontend,microfrontend
frontend,responsive design
frontend,mobile first
frontend,cross browser
frontend,web accessibility
frontend,wcag
frontend,lighthouse
frontend,web performance
frontend,core web vitals
backend,node.js
backend,nodejs
backend,express.js
backend,expressjs
backend,nestjs
backend,fastapi
backend,django
backend,flask
backend,spring boot
backend,spring
backend,laravel
backend,rails
backend,ruby on rails
backend,asp.net
backend,.net
backend,go
backend,golang
backend,rust
backend,kotlin
backend,java
backend,python
backend,ruby
backend,php
backend,c#
backend,rest api
backend,restful api
backend,graphql
backend,grpc
backend,websocket
backend,socket.io
backend,microservices
backend,message queue
backend,rabbitmq
backend,apache kafka
backend,redis
backend,celery
backend,api design
backend,swagger
backend,openapi
backend,oauth2
backend,jwt
backend,authentication
backend,authorization
backend,rate limiting
backend,pagination
backend,webhook
backend,event driven
backend,serverless
database,postgresql
database,mysql
database,mongodb
database,sqlite
database,mariadb
database,oracle
database,sql server
database,mssql
database,dynamodb
database,cassandra
database,elasticsearch
database,redis
database,firebase
database,supabase
database,cockroachdb
database,bigquery
database,snowflake
database,redshift
database,aurora
database,prisma
database,typeorm
database,sequelize
database,mongoose
database,drizzle
database,sqlalchemy
database,hibernate
database,indexing
database,query optimization
database,database design
database,schema design
database,normalization
database,replication
database,sharding
database,partitioning
database,backup
database,migration
database,flyway
database,liquibase
devops,docker
devops,kubernetes
devops,k8s
devops,helm
devops,ci/cd
devops,ci cd
devops,jenkins
devops,github actions
devops,gitlab ci
devops,circleci
devops,argocd
devops,terraform
devops,ansible
devops,puppet
devops,chef
devops,linux
devops,bash
devops,shell scripting
devops,aws
devops,gcp
devops,azure
devops,cloudformation
devops,cdk
devops,pulumi
devops,nginx
devops,haproxy
devops,prometheus
devops,grafana
devops,datadog
devops,new relic
devops,splunk
devops,elk stack
devops,elasticsearch
devops,logstash
devops,kibana
devops,infrastructure as code
devops,iac
devops,gitops
devops,devops
devops,platform engineering
devops,sre
devops,site reliability
devops,on-call
devops,incident management
devops,postmortem
devops,chaos engineering
devops,load balancing
devops,auto scaling
devops,high availability
devops,disaster recovery
cloud,aws
cloud,amazon web services
cloud,ec2
cloud,s3
cloud,lambda
cloud,ecs
cloud,eks
cloud,rds
cloud,cloudfront
cloud,route53
cloud,vpc
cloud,iam
cloud,gcp
cloud,google cloud
cloud,compute engine
cloud,cloud storage
cloud,cloud run
cloud,gke
cloud,cloud functions
cloud,azure
cloud,azure functions
cloud,azure devops
cloud,aks
cloud,blob storage
cloud,serverless
cloud,cloud native
cloud,multi-cloud
cloud,hybrid cloud
cloud,cloud migration
cloud,cloud architecture
cloud,well-architected
cloud,cost optimization
cloud,reserved instances
data science,pandas
data science,numpy
data science,scipy
data science,matplotlib
data science,seaborn
data science,plotly
data science,scikit-learn
data science,sklearn
data science,machine learning
data science,deep learning
data science,neural network
data science,pytorch
data science,tensorflow
data science,keras
data science,xgboost
data science,lightgbm
data science,catboost
data science,random forest
data science,decision tree
data science,linear regression
data science,logistic regression
data science,gradient boosting
data science,k-means
data science,clustering
data science,pca
data science,dimensionality reduction
data science,feature engineering
data science,feature selection
data science,cross validation
data science,hyperparameter tuning
data science,model evaluation
data science,a/b testing
data science,hypothesis testing
data science,statistical analysis
data science,statistics
data science,probability
data science,bayesian
data science,time series
data science,forecasting
data science,arima
data science,anomaly detection
data science,recommendation system
data science,jupyter
data science,python
data science,r
data science,sql
data science,tableau
data science,power bi
data science,looker
data science,data visualization
data science,eda
data science,exploratory data analysis
ml,huggingface
ml,transformers
ml,bert
ml,gpt
ml,llm
ml,large language model
ml,fine-tuning
ml,fine tuning
ml,finetuning
ml,lora
ml,qlora
ml,peft
ml,rlhf
ml,reinforcement learning
ml,computer vision
ml,nlp
ml,natural language processing
ml,object detection
ml,yolo
ml,image classification
ml,semantic segmentation
ml,opencv
ml,stable diffusion
ml,diffusion model
ml,generative ai
ml,foundation model
ml,embeddings
ml,vector database
ml,rag
ml,retrieval augmented generation
ml,langchain
ml,llamaindex
ml,openai api
ml,mlflow
ml,wandb
ml,mlops
ml,model serving
ml,model deployment
ml,torchserve
ml,triton
ml,onnx
ml,cuda
ml,gpu training
ml,distributed training
data engineering,apache spark
data engineering,pyspark
data engineering,apache kafka
data engineering,apache airflow
data engineering,prefect
data engineering,dagster
data engineering,dbt
data engineering,data build tool
data engineering,etl
data engineering,elt
data engineering,data pipeline
data engineering,data warehouse
data engineering,data lake
data engineering,data lakehouse
data engineering,bigquery
data engineering,snowflake
data engineering,redshift
data engineering,databricks
data engineering,delta lake
data engineering,apache iceberg
data engineering,hudi
data engineering,hadoop
data engineering,hive
data engineering,flink
data engineering,airbyte
data engineering,fivetran
data engineering,data modeling
data engineering,star schema
data engineering,dimensional modeling
data engineering,data quality
data engineering,data governance
data engineering,data catalog
data engineering,data lineage
data engineering,streaming
data engineering,batch processing
data engineering,real-time
data engineering,change data capture
data engineering,cdc
security,penetration testing
security,pen testing
security,kali linux
security,metasploit
security,burp suite
security,nmap
security,owasp
security,owasp top 10
security,vulnerability assessment
security,vulnerability scanning
security,nessus
security,siem
security,soc
security,incident response
security,threat hunting
security,malware analysis
security,reverse engineering
security,forensics
security,digital forensics
security,encryption
security,pki
security,ssl/tls
security,zero trust
security,devsecops
security,sast
security,dast
security,container security
security,cloud security
security,iam
security,identity management
security,mfa
security,oauth
security,red team
security,blue team
security,ctf
security,bug bounty
security,cve
security,iso 27001
security,nist
security,soc2
security,gdpr
security,compliance
mobile,flutter
mobile,dart
mobile,react native
mobile,swift
mobile,swiftui
mobile,kotlin
mobile,android
mobile,ios
mobile,xcode
mobile,android studio
mobile,firebase
mobile,push notifications
mobile,in-app purchase
mobile,app store
mobile,play store
mobile,jetpack compose
mobile,coroutines
mobile,mvvm
mobile,clean architecture
embedded,firmware
embedded,embedded systems
embedded,microcontroller
embedded,rtos
embedded,freertos
embedded,zephyr
embedded,arm cortex
embedded,stm32
embedded,esp32
embedded,arduino
embedded,raspberry pi
embedded,iot
embedded,uart
embedded,spi
embedded,i2c
embedded,can bus
embedded,bare metal
embedded,bootloader
embedded,device driver
embedded,embedded linux
embedded,yocto
embedded,buildroot
embedded,u-boot
embedded,mqtt
embedded,ble
embedded,bluetooth
embedded,zigbee
blockchain,solidity
blockchain,ethereum
blockchain,smart contract
blockchain,web3
blockchain,web3.js
blockchain,ethers.js
blockchain,hardhat
blockchain,truffle
blockchain,foundry
blockchain,defi
blockchain,nft
blockchain,erc20
blockchain,erc721
blockchain,openzeppelin
blockchain,ipfs
blockchain,polygon
blockchain,layer 2
blockchain,uniswap
blockchain,chainlink
design,figma
design,sketch
design,adobe xd
design,invision
design,wireframe
design,prototype
design,user research
design,usability testing
design,ux research
design,design thinking
design,design sprint
design,user persona
design,journey mapping
design,information architecture
design,accessibility
design,design system
design,component library
design,responsive design
design,motion design
design,interaction design
design,visual design
design,ui design
design,ux design
design,product design
design,service design
analytics,google analytics
analytics,ga4
analytics,mixpanel
analytics,amplitude
analytics,segment
analytics,tableau
analytics,power bi
analytics,looker
analytics,metabase
analytics,superset
analytics,excel
analytics,google sheets
analytics,sql
analytics,kpi
analytics,dashboard
analytics,reporting
analytics,cohort analysis
analytics,funnel analysis
analytics,retention
analytics,churn analysis
analytics,a/b testing
analytics,attribution
analytics,cac
analytics,ltv
analytics,mrr
analytics,arr
analytics,nps
analytics,csat
marketing,seo
marketing,sem
marketing,ppc
marketing,google ads
marketing,facebook ads
marketing,meta ads
marketing,instagram ads
marketing,linkedin ads
marketing,programmatic
marketing,email marketing
marketing,marketing automation
marketing,hubspot
marketing,marketo
marketing,salesforce marketing cloud
marketing,mailchimp
marketing,klaviyo
marketing,content marketing
marketing,social media marketing
marketing,influencer marketing
marketing,affiliate marketing
marketing,brand management
marketing,brand strategy
marketing,copywriting
marketing,conversion rate optimization
marketing,cro
marketing,landing page
marketing,demand generation
marketing,lead generation
marketing,inbound marketing
finance,financial modeling
finance,dcf
finance,discounted cash flow
finance,lbo
finance,leveraged buyout
finance,m&a
finance,mergers and acquisitions
finance,valuation
finance,equity research
finance,capital markets
finance,fixed income
finance,derivatives
finance,options
finance,futures
finance,portfolio management
finance,risk management
finance,var
finance,bloomberg
finance,capital iq
finance,excel
finance,vba
finance,gaap
finance,ifrs
finance,accounting
finance,bookkeeping
finance,financial statements
finance,income statement
finance,balance sheet
finance,cash flow
finance,auditing
finance,tax
finance,payroll
finance,quickbooks
finance,netsuite
finance,sap
healthcare,patient care
healthcare,clinical
healthcare,diagnosis
healthcare,treatment
healthcare,ehr
healthcare,epic
healthcare,cerner
healthcare,medications
healthcare,nursing
healthcare,surgery
healthcare,anatomy
healthcare,physiology
healthcare,pharmacology
healthcare,medical devices
healthcare,fda
healthcare,hipaa
healthcare,icu
healthcare,critical care
healthcare,emergency
healthcare,clinical trials
healthcare,biostatistics
healthcare,epidemiology
healthcare,public health
healthcare,mental health
healthcare,therapy
healthcare,counseling
healthcare,cbt
engineering,cad
engineering,solidworks
engineering,autocad
engineering,catia
engineering,ansys
engineering,matlab
engineering,simulink
engineering,finite element analysis
engineering,fea
engineering,cfd
engineering,computational fluid dynamics
engineering,pcb
engineering,circuit design
engineering,plc
engineering,scada
engineering,manufacturing
engineering,lean
engineering,six sigma
engineering,tolerancing
engineering,gd&t
engineering,thermodynamics
engineering,fluid mechanics
engineering,structural analysis
engineering,materials science
engineering,ros
engineering,robotics
engineering,kinematics
engineering,dynamics
engineering,control systems
engineering,pid controller
product,product management
product,product strategy
product,product roadmap
product,product vision
product,user stories
product,backlog
product,prioritization
product,okr
product,kpi
product,north star metric
product,go-to-market
product,gtm
product,product led growth
product,plg
product,product analytics
product,a/b testing
product,feature flags
product,product requirements
product,prd
product,sprint
product,agile
product,scrum
product,kanban
product,jira
product,confluence
product,notion
product,roadmap
project,project management
project,pmp
project,prince2
project,waterfall
project,agile
project,scrum
project,kanban
project,jira
project,ms project
project,smartsheet
project,asana
project,trello
project,budget management
project,risk management
project,stakeholder management
project,change management
project,milestone
project,gantt
project,resource management
hr,recruitment
hr,talent acquisition
hr,onboarding
hr,performance management
hr,compensation
hr,benefits
hr,payroll
hr,hris
hr,workday
hr,successfactors
hr,bamboohr
hr,adp
hr,employee relations
hr,learning and development
hr,succession planning
hr,diversity equity inclusion
hr,dei
hr,organizational development
hr,workforce planning
hr,employee engagement
sales,sales
sales,business development
sales,crm
sales,salesforce
sales,hubspot
sales,pipedrive
sales,account management
sales,enterprise sales
sales,inside sales
sales,lead generation
sales,prospecting
sales,cold outreach
sales,negotiation
sales,quota
sales,revenue growth
sales,pipeline management
sales,customer success
sales,upsell
sales,cross sell
sales,renewal
sales,churn
sales,nrr
sales,arr
sales,mrr
